Area;Transect;Plot_Dist;Slope;Aspect;Profile;TreeNum;Species;Status;DBH;Height;Age;Basal Area_m2
BLE;1;0;12;285;plan;2;PSME;Live;3.9;3.4;20;0.001
BLE;1;0;12;285;plan;1;PSME;Live;6;3.9;18;0.003
BLE;1;200;21;262;conv;1;PSME;Live;2.3;2.4;19;0.000
BLE;1;250;12;268;plan;1;PSME;Live;2.3;2.6;8;0.000
BLE;1;300;22;308;conv;1;PSME;Live;45.7;24.8;92;0.164
BLE;1;300;22;308;conv;2;PSME;Live;63.1;33.1;100;0.313
BLE;1;300;22;308;conv;3;PSME;Live;63.1;31.9;NA;0.313
BLE;1;350;26;296;plan;1;PSME;Live;10.3;8.7;64;0.008
BLE;1;350;26;296;plan;2;PSME;Live;59.7;30.7;102;0.280
BLE;1;350;26;296;plan;3;PSME;Live;57.2;30.7;NA;0.257
BLE;1;350;26;296;plan;4;PSME;Live;40.6;29;NA;0.129
BLE;1;350;26;296;plan;5;PSME;Live;25.4;31.2;NA;0.051
BLE;1;375;27;296;plan;5;PSME;Dead;26.4;17.3;NA;0.055
BLE;1;375;27;296;plan;4;PSME;Dead;3.8;4.2;NA;0.001
BLE;1;375;27;296;plan;2;PSME;Live;21.8;25.3;91;0.037
BLE;1;375;27;296;plan;1;PSME;Live;50.6;28.5;106;0.201
BLE;1;375;27;296;plan;3;PSME;Live;26.8;23.7;NA;0.056
BLE;1;375;27;296;plan;6;PSME;Live;46.5;26.8;NA;0.170
BLE;1;375;27;296;plan;7;PSME;Live;59.1;30.4;NA;0.274
BLE;1;400;30;296;plan;4;PSME;Dead;58.4;8.8;NA;0.268
BLE;1;400;30;296;plan;6;PSME;Dead;48.1;18.1;NA;0.182
BLE;1;400;30;296;plan;2;PSME;Live;19;14.3;95;0.028
BLE;1;400;30;296;plan;1;PSME;Live;60.5;34.3;114;0.287
BLE;1;400;30;296;plan;3;PSME;Live;29.1;20.5;NA;0.067
BLE;1;400;30;296;plan;5;PSME;Live;22.4;8;NA;0.039
BLE;1;400;30;296;plan;7;PSME;Live;9.4;9;NA;0.007
BLE;1;425;33;294;plan;3;PSME;Dead;22.7;13.2;NA;0.040
BLE;1;425;33;294;plan;2;PSME;Live;60.8;27.9;101;0.290
BLE;1;425;33;294;plan;1;PSME;Live;35;23.3;118;0.096
BLE;1;425;33;294;plan;4;PSME;Live;42.2;29.8;NA;0.140
BLE;1;425;33;294;plan;5;PSME;Live;32.8;18.3;NA;0.084
BLE;1;425;33;294;plan;6;PSME;Live;31;22.1;NA;0.075
BLE;1;450;34;282;plan;1;PSME;Live;13;9.1;77;0.013
BLE;1;450;34;282;plan;2;PSME;Live;60.8;28.9;109;0.290
BLE;1;450;34;282;plan;3;PSME;Live;29;20.4;NA;0.066
BLE;1;450;34;282;plan;4;PSME;Live;30.5;17.4;NA;0.073
BLE;1;475;29;285;conc;3;PSME;Dead;16.8;12.7;101;0.022
BLE;1;475;29;285;conc;1;PSME;Dead;21.4;18.3;NA;0.036
BLE;1;475;29;285;conc;8;PSME;Dead;29;19.8;NA;0.066
BLE;1;475;29;285;conc;9;PSME;Dead;18.6;15.1;NA;0.027
BLE;1;475;29;285;conc;2;PSME;Live;51.6;31;115;0.209
BLE;1;475;29;285;conc;4;PSME;Live;32;20.5;NA;0.080
BLE;1;475;29;285;conc;5;PSME;Live;59.1;30.1;NA;0.274
BLE;1;475;29;285;conc;6;PSME;Live;16.1;9.7;NA;0.020
BLE;1;475;29;285;conc;7;PSME;Live;53.2;22;NA;0.222
BLE;1;475;29;285;conc;10;PSME;Live;38.7;21.6;NA;0.118
BLE;1;500;35;282;plan;3;PSME;Dead;8.9;8.2;NA;0.006
BLE;1;500;35;282;plan;4;PSME;Dead;32.9;4.5;NA;0.085
BLE;1;500;35;282;plan;1;PSME;Live;16.2;15.5;52;0.021
BLE;1;500;35;282;plan;2;PSME;Live;44.1;27.8;115;0.153
BLE;1;500;35;282;plan;5;PSME;Live;39.5;23.2;NA;0.123
BLE;1;500;35;282;plan;6;PSME;Live;38.6;25.3;NA;0.117
BLE;1;500;35;282;plan;7;PSME;Live;57.6;26.3;NA;0.261
BLE;1;525;36;291;plan;1;PSME;Live;62.2;33.7;122;0.304
BLE;1;550;34;297;plan;2;PSME;Live;72.4;31;94;0.412
BLE;1;550;34;297;plan;1;PSME;Live;41.2;28.2;103;0.133
BLE;1;550;34;297;plan;3;PSME;Live;52.9;33.2;NA;0.220
BLE;1;550;34;297;plan;4;PSME;Live;50.2;28.6;NA;0.198
BLE;1;575;39;297;plan;3;PSME;Dead;49.6;26;NA;0.193
BLE;1;575;39;297;plan;4;PSME;Dead;53.4;24.7;NA;0.224
BLE;1;575;39;297;plan;5;PSME;Dead;24.8;20.2;NA;0.048
BLE;1;575;39;297;plan;2;PSME;Live;30.2;24.8;116;0.072
BLE;1;575;39;297;plan;1;PSME;Live;48.5;26.3;124;0.185
BLE;1;575;39;297;plan;6;PSME;Live;33.5;25.8;NA;0.088
BLE;1;600;36;297;plan;5;PSME;Dead;32.3;23.6;NA;0.082
BLE;1;600;36;297;plan;8;PSME;Dead;33.9;2.7;NA;0.090
BLE;1;600;36;297;plan;9;PSME;Dead;27;20;NA;0.057
BLE;1;600;36;297;plan;10;PSME;Dead;45.3;21;NA;0.161
BLE;1;600;36;297;plan;1;PSME;Live;27.1;25.4;109;0.058
BLE;1;600;36;297;plan;2;PSME;Live;49.5;34.2;115;0.192
BLE;1;600;36;297;plan;3;PSME;Live;22.7;22.3;NA;0.040
BLE;1;600;36;297;plan;4;PSME;Live;28.5;23.2;NA;0.064
BLE;1;600;36;297;plan;6;PSME;Live;38.7;24;NA;0.118
BLE;1;600;36;297;plan;7;PSME;Live;36.5;24.9;NA;0.105
BLE;1;600;36;297;plan;11;PSME;Live;41.9;23.4;NA;0.000
BLE;1;600;36;297;plan;12;PSME;Live;32.7;22.5;NA;0.084
BLE;1;600;36;297;plan;13;PSME;Live;41.7;25.9;NA;0.137
BLE;1;625;39;297;plan;1;PSME;Live;26.9;11.7;103;0.057
BLE;1;625;39;297;plan;2;PSME;Live;39.2;20;124;0.121
BLE;1;625;39;297;plan;3;PSME;Live;26.4;18.5;NA;0.055
BLE;2;250;22;252;conv;1;PSME;Live;69.6;30.3;89;0.380
BLE;2;275;20;262;both*;2;PSME;Live;16.4;8.5;87;0.021
BLE;2;275;20;262;both*;1;PSME;Live;74.2;30.5;102;0.432
BLE;2;275;20;262;both*;3;PSME;Live;30;25.3;NA;0.071
BLE;2;300;24;270;conc;3;PSME;Live;22.6;19.4;91;0.040
BLE;2;300;24;270;conc;1;PSME;Live;53.8;29.7;117;0.227
BLE;2;300;24;270;conc;2;PSME;Live;37.6;27.5;NA;0.111
BLE;2;325;22;282;conc;1;PSME;Live;47.9;30.1;101;0.180
BLE;2;350;28;298;conv;1;PSME;Live;58.7;29.8;96;0.271
BLE;2;350;28;298;conv;2;PSME;Live;34.6;22.1;101;0.094
BLE;2;350;28;298;conv;3;PSME;Live;48.1;31.9;NA;0.182
BLE;2;350;28;298;conv;4;PSME;Live;51.8;21.8;NA;0.211
BLE;2;375;33;286;plan;1;PSME;Dead;15.8;2.2;NA;0.020
BLE;2;400;32;306;conc;6;PSME;Dead;49.4;27.5;NA;0.192
BLE;2;400;32;306;conc;8;PSME;Dead;7.5;6.9;NA;0.004
BLE;2;400;32;306;conc;1;PSME;Live;9.1;14.9;50;0.007
BLE;2;400;32;306;conc;2;PSME;Live;53.7;33.9;121;0.226
BLE;2;400;32;306;conc;3;PSME;Live;49.6;32.8;NA;0.193
BLE;2;400;32;306;conc;4;PSME;Live;47.8;30.1;NA;0.179
BLE;2;400;32;306;conc;5;PSME;Live;20.6;9.4;NA;0.033
BLE;2;400;32;306;conc;7;PSME;Live;26.9;20.8;NA;0.057
BLE;2;400;32;306;conc;9;PSME;Live;12.7;7.6;NA;0.013
BLE;2;400;32;306;conc;10;PSME;Live;9.8;11.9;NA;0.008
BLE;2;425;34;306;conc;3;PSME;Dead;12.3;9.8;NA;0.012
BLE;2;425;34;306;conc;4;PSME;Dead;7.8;5.9;NA;0.005
BLE;2;425;34;306;conc;7;PSME;Dead;23.7;16.9;NA;0.044
BLE;2;425;34;306;conc;2;PSME;Live;30.9;16.8;99;0.075
BLE;2;425;34;306;conc;1;PSME;Live;57.9;28.6;137;0.263
BLE;2;425;34;306;conc;5;PSME;Live;52.5;28.7;NA;0.216
BLE;2;425;34;306;conc;6;PSME;Live;59.2;30;NA;0.275
BLE;2;450;30;306;plan;11;PSME;Dead;3.4;3.6;NA;0.001
BLE;2;450;30;306;plan;1;PSME;Live;9.7;6.7;88;0.007
BLE;2;450;30;306;plan;2;PSME;Live;53.2;28;106;0.222
BLE;2;450;30;306;plan;3;PSME;Live;6.9;8.6;NA;0.004
BLE;2;450;30;306;plan;4;PSME;Live;40.5;24.3;NA;0.129
BLE;2;450;30;306;plan;5;PSME;Live;13.1;12.1;NA;0.013
BLE;2;450;30;306;plan;6;PSME;Live;36.8;22.5;NA;0.106
BLE;2;450;30;306;plan;7;PSME;Live;26.7;16.6;NA;0.056
BLE;2;450;30;306;plan;8;PSME;Live;27.2;19.2;NA;0.058
BLE;2;450;30;306;plan;9;PSME;Live;27.2;21.2;NA;0.058
BLE;2;450;30;306;plan;10;PSME;Live;22.1;12.5;NA;0.038
BLE;2;450;30;306;plan;12;PSME;Live;39.5;22.6;NA;0.123
BLE;2;450;30;306;plan;13;PSME;Live;14.2;12.7;NA;0.016
BLE;2;450;30;306;plan;14;PSME;Live;36.5;23.8;NA;0.105
BLE;2;475;34;283;plan;4;PSME;Live;40.4;25;98;0.128
BLE;2;475;34;283;plan;1;PSME;Live;59.5;30.1;113;0.278
BLE;2;475;34;283;plan;2;PSME;Live;58;29.9;NA;0.264
BLE;2;475;34;283;plan;3;PSME;Live;42;26.3;NA;0.139
BLE;2;500;34;286;plan;5;PSME;Live;38.4;25.9;70;0.116
BLE;2;500;34;286;plan;1;PSME;Live;55.2;31.5;100;0.239
BLE;2;500;34;286;plan;2;PSME;Live;48.7;26.7;NA;0.186
BLE;2;500;34;286;plan;3;PSME;Live;53.9;29.5;NA;0.228
BLE;2;500;34;286;plan;4;PSME;Live;40.9;26.2;NA;0.131
BLE;2;550;33;286;plan;5;PSME;Dead;9.4;6.3;NA;0.007
BLE;2;550;33;286;plan;6;PSME;Dead;32.8;11.2;NA;0.084
BLE;2;550;33;286;plan;12;PSME;Live;20.6;18.6;67;0.033
BLE;2;550;33;286;plan;1;PSME;Live;49.4;27.6;120;0.192
BLE;2;550;33;286;plan;2;PSME;Live;32.2;19.8;NA;0.081
BLE;2;550;33;286;plan;3;PSME;Live;45.9;25.4;NA;0.165
BLE;2;550;33;286;plan;4;PSME;Live;49.2;26.7;NA;0.190
BLE;2;550;33;286;plan;7;PSME;Live;47.3;25.6;NA;0.176
BLE;2;550;33;286;plan;8;PSME;Live;19.3;15;NA;0.029
BLE;2;550;33;286;plan;9;PSME;Live;33.4;23.9;NA;0.088
BLE;2;550;33;286;plan;10;PSME;Live;5.6;3.2;NA;0.002
BLE;2;550;33;286;plan;11;PSME;Live;25.2;20.5;NA;0.050
BLE;2;550;33;286;plan;13;PSME;Live;27.4;20.4;NA;0.059
BLE;2;550;33;286;plan;14;PSME;Live;12.5;8.9;NA;0.012
BLE;2;600;35;286;plan;3;PSME;Live;54.6;31.6;103;0.234
BLE;2;600;35;286;plan;1;PSME;Live;46.5;26.6;NA;0.170
BLE;2;600;35;286;plan;2;PSME;Live;49.6;28;NA;0.193
BLE;2;600;35;286;plan;4;PSME;Live;44.3;26.5;NA;0.154
BLE;3;25;14;302;conv;1;PSME;Live;4.7;3.6;10;0.002
BLE;3;50;17;303;conv;2;PSME;Live;12;6;16;0.011
BLE;3;75;17;306;conc;2;PSME;Live;11.9;6.8;15;0.011
BLE;3;75;17;306;conc;1;PSME;Live;21;9.8;21;0.035
BLE;3;75;17;306;conc;3;PSME;Live;14.4;7.3;NA;0.016
BLE;3;125;19;301;plan;1;PSME;Live;5.9;4.3;13;0.003
BLE;3;125;19;301;plan;2;PSME;Live;10.9;5.7;12;0.009
BLE;3;150;18;298;conv;6;PSME;Live;6.4;4.7;14;0.003
BLE;3;150;18;298;conv;4;PSME;Live;16.8;9.1;NA;0.022
BLE;3;150;18;298;conv;1;PSME;Live;7.1;NA;NA;0.004
BLE;3;150;18;298;conv;2;PSME;Live;13.7;7.9;NA;0.015
BLE;3;150;18;298;conv;3;PSME;Live;5.9;3.8;NA;0.003
BLE;3;150;18;298;conv;5;PSME;Live;9.2;4.4;NA;0.007
BLE;3;175;19;296;plan;1;PSME;Dead;6.2;4;NA;0.003
BLE;3;225;24;272;conv;3;PSME;Live;7.1;6.9;17;0.004
BLE;3;225;24;272;conv;5;PSME;Live;29.9;14.5;31;0.070
BLE;3;225;24;272;conv;1;PSME;Live;19.2;10.6;NA;0.029
BLE;3;225;24;272;conv;2;PSME;Live;7.2;6.3;NA;0.004
BLE;3;225;24;272;conv;4;PSME;Live;4.3;3.8;NA;0.001
BLE;3;225;24;272;conv;6;PSME;Live;10.9;5.8;NA;0.009
BLE;3;225;24;272;conv;7;PSME;Live;7.6;5.2;NA;0.005
BLE;3;225;24;272;conv;8;PSME;Live;10.4;6.1;NA;0.008
BLE;3;225;24;272;conv;9;PSME;Live;4.6;4.5;NA;0.002
BLE;3;225;24;272;conv;10;PSME;Live;12;8.3;NA;0.011
BLE;3;225;24;272;conv;11;PSME;Live;9.2;6.9;NA;0.007
BLE;3;225;24;272;conv;12;PSME;Live;9.5;6.8;NA;0.007
BLE;3;225;24;272;conv;13;PSME;Live;7.8;7.8;NA;0.005
BLE;3;225;24;272;conv;14;PSME;Live;18.2;10.3;NA;0.026
BLE;3;225;24;272;conv;15;PSME;Live;21.5;12.6;NA;0.036
BLE;3;225;24;272;conv;16;PSME;Live;4.7;4.4;NA;0.002
BLE;3;225;24;272;conv;17;PSME;Live;11;7;NA;0.010
BLE;3;225;24;272;conv;18;PSME;Live;6.4;5.6;NA;0.003
BLE;3;275;22;291;conc;1;PSME;Live;1.6;2.2;9;0.000
BLE;3;275;22;291;conc;5;PSME;Live;5.9;5;12;0.003
BLE;3;275;22;291;conc;2;PSME;Live;2.2;3.2;NA;0.000
BLE;3;275;22;291;conc;3;PSME;Live;6;5.1;NA;0.003
BLE;3;275;22;291;conc;4;PSME;Live;2.3;3.2;NA;0.000
BLE;3;300;22;292;plan;4;PSME;Live;4;2.9;9;0.001
BLE;3;300;22;292;plan;3;PSME;Live;11.2;6.6;15;0.010
BLE;3;300;22;292;plan;1;PSME;Live;7.7;4.5;NA;0.005
BLE;3;300;22;292;plan;2;PSME;Live;8.2;5.1;NA;0.005
BLE;3;325;22;296;conv;1;PSME;Live;75.9;34;99;0.452
BLE;3;350;24;282;conv;7;PSME;Dead;29.3;2.6;NA;0.067
BLE;3;350;24;282;conv;6;PSME;Live;13.7;15.5;88;0.015
BLE;3;350;24;282;conv;1;PSME;Live;51.5;31.2;112;0.208
BLE;3;350;24;282;conv;2;PSME;Live;47.3;26.8;NA;0.176
BLE;3;350;24;282;conv;3;PSME;Live;46.9;26.3;NA;0.173
BLE;3;350;24;282;conv;4;PSME;Live;7.1;7.6;NA;0.004
BLE;3;350;24;282;conv;5;PSME;Live;25.5;18;NA;0.051
BLE;3;375;30;258;conc;2;PSME;Live;22.1;17.8;93;0.038
BLE;3;375;30;258;conc;1;PSME;Live;39.8;25.3;106;0.124
BLE;3;375;30;258;conc;3;PSME;Live;53;23.2;NA;NA
BLE;3;400;26;297;conc;2;PSME;Dead;55.7;14.2;NA;0.244
BLE;3;400;26;297;conc;1;PSME;Live;77.8;27.3;187;0.475
BLE;3;425;30;270;conv;7;PSME;Dead;5.3;3.1;NA;0.002
BLE;3;425;30;270;conv;14;PSME;Dead;12.8;11.7;NA;0.013
BLE;3;425;30;270;conv;4;PSME;Live;13.9;13;93;0.015
BLE;3;425;30;270;conv;1;PSME;Live;30.3;21.3;114;0.072
BLE;3;425;30;270;conv;2;PSME;Live;26.7;21.2;NA;0.056
BLE;3;425;30;270;conv;3;PSME;Live;14.5;12.8;NA;0.017
BLE;3;425;30;270;conv;5;PSME;Live;17.8;15.3;NA;0.025
BLE;3;425;30;270;conv;6;PSME;Live;30.6;21.8;NA;0.074
BLE;3;425;30;270;conv;8;PSME;Live;25.8;20.1;NA;0.052
BLE;3;425;30;270;conv;9;PSME;Live;19;13.4;NA;0.028
BLE;3;425;30;270;conv;10;PSME;Live;23.9;16;NA;0.045
BLE;3;425;30;270;conv;11;PSME;Live;19.7;12.1;NA;0.030
BLE;3;425;30;270;conv;12;PSME;Live;29;20.7;NA;0.066
BLE;3;425;30;270;conv;13;PSME;Live;18.1;12.5;NA;0.026
BLE;3;450;32;300;conc;2;PSME;Live;40.2;25.9;77;0.127
BLE;3;450;32;300;conc;1;PSME;Live;52.9;27;93;0.220
BLE;3;450;32;300;conc;3;PSME;Live;43.8;24.9;NA;0.151
BLE;3;475;34;272;conc;1;PSME;Live;49.9;26;106;0.196
BLE;3;500;36;292;conc;3;PSME;Dead;16.9;4;NA;0.022
BLE;3;500;36;292;conc;4;PSME;Live;33.7;15.8;110;0.089
BLE;3;500;36;292;conc;2;PSME;Live;49.2;27.2;117;0.190
BLE;3;500;36;292;conc;1;PSME;Live;87.3;33.7;NA;0.599
BLE;3;525;35;301;both*;4;PSME;Dead;2.6;2;NA;0.001
BLE;3;525;35;301;both*;15;PSME;Dead;25.9;5;NA;0.053
BLE;3;525;35;301;both*;16;PSME;Dead;26.8;14;NA;0.056
BLE;3;525;35;301;both*;1;PSME;Live;49.9;26.3;130;0.196
BLE;3;525;35;301;both*;2;PSME;Live;41.9;27.8;NA;0.138
BLE;3;525;35;301;both*;3;PSME;Live;20.5;13.4;NA;0.033
BLE;3;525;35;301;both*;5;PSME;Live;22.3;16.5;NA;0.039
BLE;3;525;35;301;both*;6;PSME;Live;37;23.2;NA;0.108
BLE;3;525;35;301;both*;7;PSME;Live;36.8;18.7;NA;0.106
BLE;3;525;35;301;both*;8;PSME;Live;12.5;7.8;NA;0.012
BLE;3;525;35;301;both*;9;PSME;Live;20.3;6.1;NA;0.032
BLE;3;525;35;301;both*;10;PSME;Live;8.2;12.3;NA;0.005
BLE;3;525;35;301;both*;11;PSME;Live;21.5;13.9;NA;0.036
BLE;3;525;35;301;both*;12;PSME;Live;21.6;14.2;NA;0.037
BLE;3;525;35;301;both*;13;PSME;Live;24.3;14.4;NA;0.046
BLE;3;525;35;301;both*;14;PSME;Live;44.7;24.3;NA;0.157
BLE;3;550;35;351;conc;2;PSME;Dead;7.3;8.1;NA;0.004
BLE;3;550;35;351;conc;11;PSME;Dead;8.9;7.8;NA;0.006
BLE;3;550;35;351;conc;22;PSME;Dead;6.1;5.2;NA;0.003
BLE;3;550;35;351;conc;5;PSME;Live;8.7;11.2;76;0.006
BLE;3;550;35;351;conc;1;PSME;Live;60;32.2;121;0.283
BLE;3;550;35;351;conc;3;PSME;Live;18;18.9;NA;0.025
BLE;3;550;35;351;conc;4;PSME;Live;13.4;16.3;NA;0.014
BLE;3;550;35;351;conc;6;PSME;Live;18.8;18.2;NA;0.028
BLE;3;550;35;351;conc;7;PSME;Live;36.4;23.1;NA;0.104
BLE;3;550;35;351;conc;8;PSME;Live;27.1;21.8;NA;0.058
BLE;3;550;35;351;conc;9;PSME;Live;40.7;22.5;NA;0.130
BLE;3;550;35;351;conc;10;PSME;Live;31.8;20.1;NA;0.079
BLE;3;550;35;351;conc;12;PSME;Live;24.5;17.6;NA;0.047
BLE;3;550;35;351;conc;13;PSME;Live;14.2;16.2;NA;0.016
BLE;3;550;35;351;conc;14;PSME;Live;44.8;28.5;NA;0.158
BLE;3;550;35;351;conc;15;PSME;Live;20.4;14.6;NA;0.033
BLE;3;550;35;351;conc;16;PSME;Live;42.1;28.5;NA;0.139
BLE;3;550;35;351;conc;17;PSME;Live;23.7;16.1;NA;0.044
BLE;3;550;35;351;conc;18;PSME;Live;19;13.3;NA;0.028
BLE;3;550;35;351;conc;19;PSME;Live;44.9;26.7;NA;0.158
BLE;3;550;35;351;conc;20;PSME;Live;21;17.3;NA;0.035
BLE;3;550;35;351;conc;21;PSME;Live;11.5;14.6;NA;0.010
BLE;3;550;35;351;conc;23;PSME;Live;28.6;18.9;NA;0.064
BLE;3;550;35;351;conc;24;PSME;Live;34.1;25.8;NA;0.091
BLW;4;25;16;274;conc;1;PIPO;Live;5.9;3.9;8;0.003
BLW;4;25;16;274;conc;2;PIPO;Live;5.7;4.3;8;0.003
BLW;4;275;21;14;conv;2;PIPO;Live;46.1;16;35;0.167
BLW;4;275;21;14;conv;1;PIPO;Live;3;2.5;3;0.001
BLW;4;300;11;68;plan;6;PIPO;Live;13.3;7.4;16;0.014
BLW;4;300;11;68;plan;3;PIPO;Live;26.2;12.9;19;0.054
BLW;4;300;11;68;plan;2;PIPO;Live;7.6;4.2;13;0.005
BLW;4;300;11;68;plan;1;PIPO;Live;3.7;2.8;5;0.001
BLW;4;300;11;68;plan;4;PIPO;Live;5.5;3.5;6;0.002
BLW;4;300;11;68;plan;5;PIPO;Live;5.7;3.5;6;0.003
BLW;4;325;18;90;conv;1;PIPO;Live;10.5;5.8;13;0.009
BLW;4;325;18;90;conv;2;PIPO;Live;29.1;11.9;21;0.067
BLW;4;350;16;105;conv;2;PIPO;Dead;1.9;2.3;NA;0.000
BLW;4;350;16;105;conv;1;PIPO;Live;4.9;4.2;23;0.002
BLW;4;375;6;358;plan;2;PIPO;Live;40.6;17.8;85;0.129
BLW;4;375;6;358;plan;1;PIPO;Live;50.3;24.9;93;0.199
BLW;4;400;6;22;conc;2;PIPO;Live;54.9;28;89;0.237
BLW;4;400;6;22;conc;1;PIPO;Live;42.5;17.5;91;0.142
BLW;4;425;4;63;conv;1;PSME;Live;66.7;27.7;81;0.349
BLW;4;425;4;63;conv;3;PSME;Live;37.3;26.1;105;0.109
BLW;4;425;4;63;conv;2;PIPO;Live;56.8;34;182;0.253
BLW;4;425;4;63;conv;4;PSME;Live;37.5;24.5;NA;0.110
BLW;4;425;4;63;conv;5;PSME;Live;53.4;33.5;NA;0.224
BLW;4;450;28;61;conv;10;PSME;Dead;27.4;24.1;NA;0.059
BLW;4;450;28;61;conv;12;PSME;Dead;8.4;9.5;NA;0.006
BLW;4;450;28;61;conv;13;PSME;Dead;7.8;9.7;NA;0.005
BLW;4;450;28;61;conv;14;PSME;Dead;4.8;6.7;NA;0.002
BLW;4;450;28;61;conv;15;PSME;Dead;7.3;7.9;NA;0.004
BLW;4;450;28;61;conv;17;PSME;Dead;11.3;7.3;NA;0.010
BLW;4;450;28;61;conv;19;PSME;Dead;8.4;8.2;NA;0.006
BLW;4;450;28;61;conv;11;PSME;Live;10.2;8.6;80;0.008
BLW;4;450;28;61;conv;2;PSME;Live;47.7;27.7;119;0.179
BLW;4;450;28;61;conv;1;PSME;Live;23.5;13.3;NA;0.043
BLW;4;450;28;61;conv;3;PSME;Live;17.6;13;NA;0.024
BLW;4;450;28;61;conv;4;PSME;Live;25.7;21.8;NA;0.052
BLW;4;450;28;61;conv;5;PSME;Live;18.5;18.3;NA;0.027
BLW;4;450;28;61;conv;6;PSME;Live;11.1;13.4;NA;0.010
BLW;4;450;28;61;conv;7;PSME;Live;20.9;14.7;NA;0.034
BLW;4;450;28;61;conv;8;PSME;Live;18.4;14.1;NA;0.027
BLW;4;450;28;61;conv;9;PSME;Live;15.8;15.7;NA;0.020
BLW;4;450;28;61;conv;16;PSME;Live;12.5;12.8;NA;0.012
BLW;4;450;28;61;conv;18;PSME;Live;44.8;24.3;NA;0.158
BLW;5;25;22;78;plan;1;PIPO;Live;3.5;2.5;7;0.001
BLW;5;75;10;90;conv;1;PIPO;Live;13.6;6.1;10;0.015
BLW;5;100;6;188;plan;3;PIPO;Live;14.7;6.1;14;0.017
BLW;5;100;6;188;plan;5;PIPO;Live;33.4;13.4;26;0.088
BLW;5;100;6;188;plan;6;PIPO;Live;2;2.4;1;0.000
BLW;5;100;6;188;plan;1;PIPO;Live;5.3;3.3;5;0.002
BLW;5;100;6;188;plan;2;PIPO;Live;4.1;2.6;5;0.001
BLW;5;100;6;188;plan;4;PIPO;Live;28.4;13.4;NA;0.063
BLW;5;100;6;188;plan;7;PIPO;Live;17.3;7.7;NA;0.024
BLW;5;125;7;129;conc;10;PIPO;Live;8;4.7;12;0.005
BLW;5;125;7;129;conc;9;PIPO;Live;25;9.8;17;0.049
BLW;5;125;7;129;conc;3;PIPO;Live;54;19.7;37;0.229
BLW;5;125;7;129;conc;8;PIPO;Live;1.4;2.1;2;0.000
BLW;5;125;7;129;conc;5;PIPO;Live;5.9;4;7;0.003
BLW;5;125;7;129;conc;2;PIPO;Live;4.3;2.9;8;0.001
BLW;5;125;7;129;conc;7;PIPO;Live;4;4.5;9;0.001
BLW;5;125;7;129;conc;1;PIPO;Live;20.6;8.5;NA;0.033
BLW;5;125;7;129;conc;4;PIPO;Live;13.3;6.1;NA;0.014
BLW;5;125;7;129;conc;6;PIPO;Live;11.7;6.7;NA;0.011
BLW;5;150;15;116;conv;1;PIPO;Live;1.7;1.9;8;0.000
BLW;5;150;15;116;conv;2;PIPO;Live;5.2;3;9;0.002
BLW;5;150;15;116;conv;3;PIPO;Live;30.6;13.8;NA;0.074
BLW;5;150;15;116;conv;4;PIPO;Live;25.8;14;NA;0.052
BLW;5;175;10;153;conc;2;PSME;Live;9;5.9;35;0.006
BLW;5;175;10;153;conc;5;PIPO;Live;1.9;2;3;0.000
BLW;5;175;10;153;conc;3;PIPO;Live;1;2;3;0.000
BLW;5;175;10;153;conc;6;PIPO;Live;2;2.3;5;0.000
BLW;5;175;10;153;conc;1;PIPO;Live;3.6;3.1;7;0.001
BLW;5;175;10;153;conc;4;PIPO;Live;56.5;27.4;NA;0.251
BLW;5;200;14;97;conv;2;PIPO;Live;35.6;25.3;112;0.100
BLW;5;200;14;97;conv;1;PIPO;Live;64.7;26.9;224;0.329
BLW;5;200;14;97;conv;3;PIPO;Live;35.9;22;NA;0.101
BLW;5;200;14;97;conv;4;PIPO;Live;38.1;24.1;NA;0.114
BLW;5;225;10;132;conc;1;PIPO;Live;36.9;21.6;102;0.107
BLW;5;225;10;132;conc;4;PIPO;Live;18.8;15.1;102;0.028
BLW;5;225;10;132;conc;2;PIPO;Live;33.6;20.5;NA;0.089
BLW;5;225;10;132;conc;3;PIPO;Live;35;21.9;NA;0.096
BLW;5;225;10;132;conc;5;PIPO;Live;23.2;17;NA;0.042
BLW;5;225;10;132;conc;6;PIPO;Live;24.7;19.2;NA;0.048
BLW;5;225;10;132;conc;7;PIPO;Live;27.7;16.1;NA;0.060
BLW;5;225;10;132;conc;8;PIPO;Live;34.6;20.1;NA;0.094
BLW;5;250;16;98;both*;1;PIPO;Dead;70;18.4;NA;0.385
BLW;5;250;16;98;both*;4;PSME;Live;40.6;21.1;114;0.129
BLW;5;250;16;98;both*;3;LAOC;Live;33.9;23.6;123;0.090
BLW;5;250;16;98;both*;2;PIPO;Live;55.3;26.5;184;0.240
BLW;5;275;25;109;conc;3;PSME;Live;51.4;24.4;102;0.207
BLW;5;275;25;109;conc;4;PSME;Live;1.8;2.5;10;0.000
BLW;5;275;25;109;conc;1;PSME;Live;1.6;2.4;11;0.000
BLW;5;275;25;109;conc;2;PSME;Live;2.7;2.6;17;0.001
BLW;5;275;25;109;conc;5;PSME;Live;62.4;22.8;NA;0.306
BLW;5;275;25;109;conc;6;PIPO;Live;6.1;4.5;NA;0.003
BLW;6;0;12;88;plan;1;PSME;Live;17.9;6.2;16;0.025
BLW;6;150;15;101;plan;8;PIPO;Live;7.6;3.9;7;0.005
BLW;6;150;15;101;plan;9;PIPO;Live;14.4;6.1;12;0.016
BLW;6;150;15;101;plan;6;PIPO;Live;4.3;2.7;4;0.001
BLW;6;150;15;101;plan;1;PIPO;Live;10.8;4.7;NA;0.009
BLW;6;150;15;101;plan;2;PIPO;Live;8.3;4.8;NA;0.005
BLW;6;150;15;101;plan;3;PIPO;Live;10.1;5.3;NA;0.008
BLW;6;150;15;101;plan;4;PIPO;Live;8.1;4.2;NA;0.005
BLW;6;150;15;101;plan;5;PIPO;Live;10.1;3.9;NA;0.008
BLW;6;150;15;101;plan;7;PIPO;Live;11.4;5.1;NA;0.010
BLW;6;200;5;131;conc;4;PIPO;Live;15.9;7.2;12;0.020
BLW;6;200;5;131;conc;5;PIPO;Live;6.7;5.6;12;0.004
BLW;6;200;5;131;conc;3;PIPO;Live;2.3;2.5;2;0.000
BLW;6;200;5;131;conc;2;PIPO;Live;3.8;2.7;3;0.001
BLW;6;200;5;131;conc;1;PIPO;Live;12.5;5.3;NA;0.012
BLW;6;200;5;131;conc;6;PIPO;Live;8.7;4.2;NA;0.006
BLW;6;200;5;131;conc;7;PIPO;Live;12.8;7.2;NA;0.013
BLW;6;200;5;131;conc;8;PIPO;Live;9.7;6.6;NA;0.007
BLW;6;225;12;81;conc;3;PIPO;Live;5.1;2.9;5;0.002
BLW;6;225;12;81;conc;2;PIPO;Live;2.1;1.8;3;0.000
BLW;6;225;12;81;conc;1;PIPO;Live;5;2.7;4;0.002
BLW;6;250;8;175;conv;3;PIPO;Live;6.3;3.3;7;0.003
BLW;6;250;8;175;conv;2;PIPO;Live;4.1;2.6;4;0.001
BLW;6;250;8;175;conv;1;PSME;Live;1.3;2;5;0.000
BLW;6;250;8;175;conv;4;PIPO;Live;4.7;2.9;5;0.002
BLW;6;275;25;95;plan;2;PIPO;Live;67.5;27;98;0.358
BLW;6;275;25;95;plan;1;PSME;Live;0.7;2;2;0.000
BLW;6;300;4;106;plan;1;PIPO;Live;59.9;27.2;100;0.282
BLW;6;350;20;92;both*;8;PSME;Dead;11.8;10.7;NA;0.011
BLW;6;350;20;92;both*;13;PSME;Dead;8.9;8.2;NA;0.006
BLW;6;350;20;92;both*;9;PSME;Live;13.8;13;88;0.015
BLW;6;350;20;92;both*;1;PIPO;Live;26.5;22.8;95;0.055
BLW;6;350;20;92;both*;7;PSME;Live;41;21;119;0.132
BLW;6;350;20;92;both*;2;PSME;Live;35;20.2;NA;0.096
BLW;6;350;20;92;both*;3;PSME;Live;35.7;20.7;NA;0.100
BLW;6;350;20;92;both*;4;PSME;Live;23.2;16.7;NA;0.042
BLW;6;350;20;92;both*;5;PSME;Live;20.6;13.1;NA;0.033
BLW;6;350;20;92;both*;6;LAOC;Live;17.9;17.2;NA;0.025
BLW;6;350;20;92;both*;10;PSME;Live;38.8;23.2;NA;0.118
BLW;6;350;20;92;both*;11;PSME;Live;17.5;10.6;NA;0.024
BLW;6;350;20;92;both*;12;PSME;Live;19;15;NA;0.028
BLW;7;150;17;86;conc;1;PIPO;Live;12.8;5.6;7;0.013
BLW;7;175;12;95;plan;2;PIPO;Live;7.3;3.8;6;0.004
BLW;7;175;12;95;plan;3;PIPO;Live;17.1;6.9;13;0.023
BLW;7;175;12;95;plan;1;PIPO;Live;16.4;6.4;NA;0.021
BLW;7;200;15;68;plan;2;PIPO;Live;12.7;6.1;10;0.013
BLW;7;200;15;68;plan;1;PIPO;Live;15.1;9.2;11;0.018
BLW;7;225;7;87;conv;1;PIPO;Live;25.9;10.6;20;0.053
BLW;7;325;10;66;conv;7;PIPO;Live;12.7;9.7;76;0.013
BLW;7;325;10;66;conv;3;PSME;Live;39;26.8;98;0.119
BLW;7;325;10;66;conv;1;PIPO;Live;47.6;26.6;104;0.178
BLW;7;325;10;66;conv;2;PIPO;Live;23.2;20;NA;0.042
BLW;7;325;10;66;conv;4;PIPO;Live;19.5;18.9;NA;0.030
BLW;7;325;10;66;conv;5;PIPO;Live;19.5;20;NA;0.030
BLW;7;325;10;66;conv;6;PIPO;Live;40.2;27.6;NA;0.127
BLW;7;325;10;66;conv;8;PIPO;Live;14.8;15.8;NA;0.017
BLW;7;325;10;66;conv;9;PIPO;Live;12.8;14.8;NA;0.013
BLW;7;325;10;66;conv;10;PIPO;Live;35.8;27.3;NA;0.101
BLW;7;325;10;66;conv;11;PIPO;Live;36.8;25.8;NA;0.106
BLW;7;350;22;114;conc;7;PIPO;Live;12.2;5.6;80;0.012
BLW;7;350;22;114;conc;3;PSME;Live;26.8;18.5;85;0.056
BLW;7;350;22;114;conc;2;PSME;Live;48.8;25.3;89;0.187
BLW;7;350;22;114;conc;5;PIPO;Live;46.8;23.8;94;0.172
BLW;7;350;22;114;conc;1;PIPO;Live;40.2;22.9;NA;0.127
BLW;7;350;22;114;conc;4;PIPO;Live;25.5;17.6;NA;0.051
BLW;7;350;22;114;conc;6;PIPO;Live;28.2;23.4;NA;0.062
SC;8;0;5;132;conc;2;PSME;Live;46.2;27.8;83;0.168
SC;8;0;5;132;conc;3;PIPO;Live;62.5;28.7;93;0.307
SC;8;0;5;132;conc;1;PIPO;Live;39.1;28.5;103;0.120
SC;8;25;7;118;conc;5;PIPO;Live;47.2;26.5;79;0.175
SC;8;25;7;118;conc;4;PIPO;Live;56.8;30.3;92;0.253
SC;8;25;7;118;conc;1;PSME;Live;1.5;2;11;0.000
SC;8;25;7;118;conc;3;PSME;Live;3.6;3;14;0.001
SC;8;25;7;118;conc;2;PSME;Live;1.5;2.2;7;0.000
SC;8;50;6;148;plan;15;PIPO;Live;22;21.8;75;0.038
SC;8;50;6;148;plan;14;PSME;Live;42.1;22.9;82;0.139
SC;8;50;6;148;plan;3;PSME;Live;11.1;8.9;95;0.010
SC;8;50;6;148;plan;12;PIPO;Live;48.7;30.7;107;0.186
SC;8;50;6;148;plan;1;PSME;Live;21.1;16.8;NA;0.035
SC;8;50;6;148;plan;2;PSME;Live;14.6;13.1;NA;0.017
SC;8;50;6;148;plan;4;PSME;Live;12.8;14.5;NA;0.013
SC;8;50;6;148;plan;5;PSME;Live;18.6;12.2;NA;0.027
SC;8;50;6;148;plan;6;PSME;Live;38.7;24.2;NA;0.118
SC;8;50;6;148;plan;7;PSME;Live;14.1;10.6;NA;0.016
SC;8;50;6;148;plan;8;PIPO;Live;41;25.8;NA;0.132
SC;8;50;6;148;plan;9;PSME;Live;31.1;21.6;NA;0.076
SC;8;50;6;148;plan;10;PSME;Live;33.3;25.5;NA;0.087
SC;8;50;6;148;plan;11;PSME;Live;20.2;17.6;NA;0.032
SC;8;50;6;148;plan;13;PSME;Live;23.6;22.2;NA;0.044
SC;8;50;6;148;plan;16;PSME;Live;41.7;26.7;NA;0.137
SC;8;50;6;148;plan;17;PIPO;Live;31.3;21.5;NA;0.077
SC;8;75;6;132;plan;4;PSME;Live;9.5;12.1;88;0.007
SC;8;75;6;132;plan;2;PSME;Live;36;23.7;93;0.102
SC;8;75;6;132;plan;8;PIPO;Live;31.2;22;103;0.076
SC;8;75;6;132;plan;10;PIPO;Live;52;28;128;0.212
SC;8;75;6;132;plan;1;PSME;Live;17.5;15.4;NA;0.024
SC;8;75;6;132;plan;3;PSME;Live;4.9;4.7;NA;0.002
SC;8;75;6;132;plan;5;PSME;Live;29.3;21.4;NA;0.067
SC;8;75;6;132;plan;6;PSME;Live;10.5;10.4;NA;0.009
SC;8;75;6;132;plan;7;PSME;Live;3.6;4.6;NA;0.001
SC;8;75;6;132;plan;9;PSME;Live;28.9;23.6;NA;0.066
SC;8;100;9;126;conv;11;PSME;Live;7.7;8.1;67;0.005
SC;8;100;9;126;conv;3;PIPO;Live;22.6;19.7;84;0.040
SC;8;100;9;126;conv;12;PIPO;Live;34.6;21.7;89;0.094
SC;8;100;9;126;conv;8;PSME;Live;45.5;30.4;97;0.163
SC;8;100;9;126;conv;1;PSME;Live;40.3;24.6;NA;0.128
SC;8;100;9;126;conv;2;PSME;Live;11.7;10.8;NA;0.011
SC;8;100;9;126;conv;4;PSME;Live;19.4;19.8;NA;0.030
SC;8;100;9;126;conv;5;PIPO;Live;56.9;27.5;NA;0.254
SC;8;100;9;126;conv;6;PSME;Live;20.7;17.5;NA;0.034
SC;8;100;9;126;conv;7;PSME;Live;21.8;18.2;NA;0.037
SC;8;100;9;126;conv;9;PIPO;Live;24.4;19.3;NA;0.047
SC;8;100;9;126;conv;10;PSME;Live;16;17;NA;0.020
SC;8;100;9;126;conv;13;PSME;Live;31.9;24.4;NA;0.080
SC;8;100;9;126;conv;14;PSME;Live;9.2;8.5;NA;0.007
SC;8;100;9;126;conv;15;PSME;Live;12.9;14.1;NA;0.013
SC;8;125;9;138;conv;1;PIPO;Dead;73.5;3.2;NA;0.424
SC;8;125;9;138;conv;14;PSME;Dead;17.8;11.3;NA;0.025
SC;8;125;9;138;conv;15;PSME;Dead;4.2;8;NA;0.001
SC;8;125;9;138;conv;11;PSME;Live;10;12.8;86;0.008
SC;8;125;9;138;conv;12;PSME;Live;32.8;24.2;93;0.084
SC;8;125;9;138;conv;2;PSME;Live;20.6;16;NA;0.033
SC;8;125;9;138;conv;3;PSME;Live;28.5;24;NA;0.064
SC;8;125;9;138;conv;4;PSME;Live;11;10.5;NA;0.010
SC;8;125;9;138;conv;5;PSME;Live;27.7;25.2;NA;0.060
SC;8;125;9;138;conv;6;PSME;Live;5.3;4.7;NA;0.002
SC;8;125;9;138;conv;7;PSME;Live;29.9;21.1;NA;0.070
SC;8;125;9;138;conv;8;PSME;Live;10.5;10.1;NA;0.009
SC;8;125;9;138;conv;9;PSME;Live;26.4;23.4;NA;0.055
SC;8;125;9;138;conv;10;PSME;Live;12.2;13.4;NA;0.012
SC;8;125;9;138;conv;13;PSME;Live;11.5;14.9;NA;0.010
SC;8;125;9;138;conv;16;PSME;Live;4.5;7.6;NA;0.002
SC;8;125;9;138;conv;17;PSME;Live;29;20.6;NA;0.066
SC;8;125;9;138;conv;18;PSME;Live;13.9;9;NA;0.015
SC;8;125;9;138;conv;19;PSME;Live;17.2;15.3;NA;0.023
SC;8;150;8;173;plan;1;PIPO;Live;69.7;31;NA;0.382
SC;8;200;12;156;both*;3;PSME;Live;23.9;18;77;0.045
SC;8;200;12;156;both*;1;PSME;Live;64.8;30;119;0.330
SC;8;200;12;156;both*;2;PSME;Live;27.4;19.4;NA;0.059
SC;8;200;12;156;both*;4;PSME;Live;36.9;24.9;NA;0.107
SC;8;225;7;137;plan;1;PIPO;Live;57.8;33.1;160;0.262
SC;8;225;7;137;plan;2;PIPO;Live;61.2;31.8;163;0.294
SC;8;325;11;134;plan;3;PSME;Live;14.2;14.1;85;0.016
SC;8;325;11;134;plan;2;PSME;Live;42.4;25.4;87;0.141
SC;8;325;11;134;plan;1;PSME;Live;20.9;16;NA;0.034
SC;8;325;11;134;plan;4;PSME;Live;27.8;22.2;NA;0.061
SC;8;350;12;130;plan;1;PSME;Live;6.6;3.5;18;0.003
SC;8;375;9;120;conv;5;PSME;Live;10.6;13.3;77;0.009
SC;8;375;9;120;conv;2;PSME;Live;25.7;16;79;0.052
SC;8;375;9;120;conv;1;PSME;Live;81.4;25.7;NA;0.520
SC;8;375;9;120;conv;3;PSME;Live;24.4;17.1;NA;0.047
SC;8;375;9;120;conv;4;PSME;Live;19.1;18.6;NA;0.029
SC;8;375;9;120;conv;6;PSME;Live;13.9;15;NA;0.015
SC;8;375;9;120;conv;7;PSME;Live;10.8;6;NA;0.009
SC;8;400;7;121;plan;2;PSME;Live;41;21;69;0.132
SC;8;400;7;121;plan;5;PSME;Live;17.6;15.8;82;0.024
SC;8;400;7;121;plan;1;PIPO;Live;63.2;28.7;262;0.314
SC;8;400;7;121;plan;3;PSME;Live;25;21.1;NA;0.049
SC;8;400;7;121;plan;4;PSME;Live;3.1;4.2;NA;0.001
SC;9;0;5;125;plan;1;PSME;Dead;1.6;2.3;10;0.000
SC;9;50;5;113;plan;5;PIPO;Dead;12.9;13.2;NA;0.013
SC;9;50;5;113;plan;4;PSME;Live;11.7;9.5;78;0.011
SC;9;50;5;113;plan;6;PIPO;Live;39.5;27.2;93;0.123
SC;9;50;5;113;plan;2;PIPO;Live;54.8;26.9;99;0.236
SC;9;50;5;113;plan;1;PIPO;Live;11.8;4;NA;0.011
SC;9;50;5;113;plan;3;PIPO;Live;42;23.4;NA;0.139
SC;9;50;5;113;plan;7;PIPO;Live;4.9;3.1;NA;0.002
SC;9;75;6;111;plan;6;PIPO;Live;8.3;6.5;46;0.005
SC;9;75;6;111;plan;3;PSME;Live;5.6;4.7;65;0.002
SC;9;75;6;111;plan;5;PIPO;Live;49.7;27.7;126;0.194
SC;9;75;6;111;plan;1;PIPO;Live;34.6;25.8;NA;0.094
SC;9;75;6;111;plan;2;PIPO;Live;25;22.4;NA;0.049
SC;9;75;6;111;plan;4;PIPO;Live;17.1;10.8;NA;0.023
SC;9;100;5;120;plan;3;PSME;Live;6.3;3.9;87;0.003
SC;9;100;5;120;plan;13;PSME;Live;47.8;30.4;110;0.179
SC;9;100;5;120;plan;4;PIPO;Live;44;27.4;111;0.152
SC;9;100;5;120;plan;1;PSME;Live;6.3;5.5;NA;0.003
SC;9;100;5;120;plan;2;PSME;Live;39.8;30.2;NA;0.124
SC;9;100;5;120;plan;5;PSME;Live;14.5;14.9;NA;0.017
SC;9;100;5;120;plan;6;PSME;Live;15.5;18;NA;0.019
SC;9;100;5;120;plan;7;PSME;Live;22.5;20.7;NA;0.040
SC;9;100;5;120;plan;8;PSME;Live;8.3;9.8;NA;0.005
SC;9;100;5;120;plan;9;PSME;Live;46;26.8;NA;0.166
SC;9;100;5;120;plan;10;PSME;Live;32;25;NA;0.080
SC;9;100;5;120;plan;11;PSME;Live;32;26.4;NA;0.080
SC;9;100;5;120;plan;12;PSME;Live;6.6;8.4;NA;0.003
SC;9;125;5;114;plan;4;PSME;Live;6.5;6;45;0.003
SC;9;125;5;114;plan;8;PSME;Live;40.2;27.3;77;0.127
SC;9;125;5;114;plan;5;PIPO;Live;41.5;24.4;118;0.135
SC;9;125;5;114;plan;1;PSME;Live;14.5;13.5;NA;0.017
SC;9;125;5;114;plan;2;PSME;Live;20.9;17.1;NA;0.034
SC;9;125;5;114;plan;3;PSME;Live;18;16.2;NA;0.025
SC;9;125;5;114;plan;6;PSME;Live;8.1;9.6;NA;0.005
SC;9;125;5;114;plan;7;PSME;Live;28.7;26.1;NA;0.065
SC;9;150;9;125;plan;2;PSME;Live;64.9;29.2;93;0.331
SC;9;150;9;125;plan;3;PSME;Live;14.2;11.3;96;0.016
SC;9;150;9;125;plan;1;PSME;Live;66.6;31.9;NA;0.348
SC;9;175;13;105;conv;8;PSME;Live;8.7;8;62;0.006
SC;9;175;13;105;conv;3;PIPO;Live;60.8;25.7;74;0.290
SC;9;175;13;105;conv;9;PSME;Live;30.3;23.5;74;0.072
SC;9;175;13;105;conv;1;PSME;Live;23;17;NA;0.042
SC;9;175;13;105;conv;2;PSME;Live;30.3;23.3;NA;0.072
SC;9;175;13;105;conv;4;PSME;Live;15.2;12.2;NA;0.018
SC;9;175;13;105;conv;5;PSME;Live;12;12.3;NA;0.011
SC;9;175;13;105;conv;6;PSME;Live;18.3;17.9;NA;0.026
SC;9;175;13;105;conv;7;PSME;Live;9.8;10.6;NA;0.008
SC;9;175;13;105;conv;10;PSME;Live;18.4;19.3;NA;0.027
SC;9;175;13;105;conv;11;PSME;Live;17.1;14.3;NA;0.023
SC;9;200;12;111;conv;3;PSME;Dead;31.4;6.5;NA;0.077
SC;9;200;12;111;conv;2;PSME;Live;25;21.6;90;0.049
SC;9;200;12;111;conv;1;PSME;Live;74.2;29.2;171;0.432
SC;9;200;12;111;conv;4;PSME;Live;34;25.3;NA;0.091
SC;9;200;12;111;conv;5;PSME;Live;29.2;20.9;NA;0.067
SC;9;200;12;111;conv;6;PSME;Live;26;18.2;NA;0.053
SC;9;200;12;111;conv;7;PSME;Live;32;22.3;NA;0.080
SC;9;225;10;114;conc;1;PSME;Live;90.8;36.2;188;0.648
SC;9;225;10;114;conc;2;PSME;Live;77.8;29.5;NA;0.475
SC;9;250;8;146;plan;4;PSME;Live;49.3;33.8;79;0.191
SC;9;250;8;146;plan;2;PSME;Live;65.1;34.1;81;0.333
SC;9;250;8;146;plan;3;PIPO;Live;41.4;28.8;95;0.135
SC;9;250;8;146;plan;1;PIPO;Live;56;32.4;105;0.246
SC;9;250;8;146;plan;5;PSME;Live;57.6;30.4;NA;0.261
SC;9;275;8;141;conc;4;PSME;Live;38.5;30;77;0.116
SC;9;275;8;141;conc;1;PIPO;Live;47.9;32.4;92;0.180
SC;9;275;8;141;conc;3;PSME;Live;107.3;34.8;187;0.904
SC;9;275;8;141;conc;2;PSME;Live;55.5;31.5;NA;0.242
SC;10;0;4;122;plan;4;PSME;Live;48.1;32.1;76;0.182
SC;10;0;4;122;plan;3;PSME;Live;58.9;33.5;97;0.272
SC;10;0;4;122;plan;1;PIPO;Live;63.1;33.5;107;0.313
SC;10;0;4;122;plan;2;PIPO;Live;61.9;32.1;124;0.301
SC;10;25;2;130;plan;1;PIPO;Live;46.1;27.3;99;0.167
SC;10;25;2;130;plan;2;PSME;Live;59.6;33.7;100;0.279
SC;10;50;2;132;conc;1;PIPO;Live;78.7;23.8;176;0.486
SC;10;100;5;129;plan;2;PIPO;Live;53.7;32.9;93;0.226
SC;10;100;5;129;plan;1;PSME;Live;64.8;34;85;0.330
SC;10;125;8;142;plan;2;PSME;Live;38.6;22.5;87;0.117
SC;10;125;8;142;plan;1;PIPO;Live;49.9;33.2;100;0.196
SC;10;125;8;142;plan;3;PIPO;Live;48.3;30.6;100;0.183
SC;10;150;6;142;plan;1;PIPO;Live;35.8;25.8;102;0.101
SC;10;175;6;119;conc;5;PIPO;Live;8.2;4.1;50;0.005
SC;10;175;6;119;conc;8;PIPO;Live;8.8;7.1;55;0.006
SC;10;175;6;119;conc;3;PSME;Live;20.5;17.8;86;0.033
SC;10;175;6;119;conc;1;PSME;Live;59.7;30.7;90;0.280
SC;10;175;6;119;conc;2;PSME;Live;49.7;28.2;NA;0.194
SC;10;175;6;119;conc;4;PSME;Live;25.8;20.4;NA;0.052
SC;10;175;6;119;conc;6;PSME;Live;48.8;31.3;NA;0.187
SC;10;175;6;119;conc;7;PSME;Live;49.2;29.7;NA;0.190
SC;10;200;9;130;conv;2;PIPO;Dead;31.8;18;NA;0.079
SC;10;200;9;130;conv;3;PIPO;Dead;25.9;18.8;NA;0.053
SC;10;200;9;130;conv;4;PIPO;Dead;10.7;6;NA;0.009
SC;10;200;9;130;conv;10;PSME;Live;21.8;18.8;86;0.037
SC;10;200;9;130;conv;12;PIPO;Live;22.9;18.5;88;0.041
SC;10;200;9;130;conv;5;PIPO;Live;31.5;22.2;94;0.078
SC;10;200;9;130;conv;9;PSME;Live;44.1;27.4;97;0.153
SC;10;200;9;130;conv;1;PSME;Live;42.1;25.8;NA;0.139
SC;10;200;9;130;conv;6;PSME;Live;34.7;28.5;NA;0.095
SC;10;200;9;130;conv;7;PIPO;Live;32.8;19.7;NA;0.084
SC;10;200;9;130;conv;8;PIPO;Live;34;22.4;NA;0.091
SC;10;200;9;130;conv;11;PSME;Live;27.3;24;NA;0.059
SC;10;200;9;130;conv;13;PSME;Live;33.4;23.1;NA;0.088
SC;10;200;9;130;conv;14;PSME;Live;22.1;17.3;NA;0.038
SC;10;225;8;145;conc;1;PSME;Live;60.9;29.7;92;0.291
SC;10;225;8;145;conc;2;PIPO;Live;39.5;22.1;92;0.123
SC;10;225;8;145;conc;3;PSME;Live;50.8;27.4;92;0.203
SC;10;250;10;147;plan;1;PSME;Live;6.9;4.5;13;0.004
SC;10;275;6;160;conc;2;PIPO;Dead;21.4;5.9;NA;0.036
SC;10;275;6;160;conc;3;PIPO;Dead;12.3;6.1;NA;0.012
SC;10;275;6;160;conc;4;PIPO;Live;11.9;7.8;75;0.011
SC;10;275;6;160;conc;1;PIPO;Live;49.9;26.1;85;0.196
SC;10;275;6;160;conc;5;PIPO;Live;39.8;24.3;NA;0.124
SC;10;300;8;136;conc;7;PIPO;Dead;7.8;4.1;NA;0.005
SC;10;300;8;136;conc;5;PIPO;Live;17.3;17.7;79;0.024
SC;10;300;8;136;conc;2;PIPO;Live;59.4;30.1;121;0.277
SC;10;300;8;136;conc;1;PIPO;Live;20.3;10.9;NA;0.032
SC;10;300;8;136;conc;3;PIPO;Live;34.3;21.7;NA;0.092
SC;10;300;8;136;conc;4;PIPO;Live;32.9;20.8;NA;0.085
SC;10;300;8;136;conc;6;PIPO;Live;19.5;15.1;NA;0.030
SC;10;325;10;150;conv;4;PSME;Live;33.5;22.9;75;0.088
SC;10;325;10;150;conv;5;PIPO;Live;20.3;14.9;86;0.032
SC;10;325;10;150;conv;6;PIPO;Live;34;15.2;95;0.091
SC;10;325;10;150;conv;1;PIPO;Live;20.5;18.6;NA;0.033
SC;10;325;10;150;conv;2;PIPO;Live;31.2;20.9;NA;0.076
SC;10;325;10;150;conv;3;PIPO;Live;20.3;17.5;NA;0.032
SC;10;350;10;162;conc;4;PIPO;Dead;14.7;2.9;NA;0.017
SC;10;350;10;162;conc;2;PIPO;Live;8.3;6;58;0.005
SC;10;350;10;162;conc;9;PIPO;Live;28.7;20.7;86;0.065
SC;10;350;10;162;conc;1;PIPO;Live;10.8;8.4;NA;0.009
SC;10;350;10;162;conc;3;PIPO;Live;18;15.5;NA;0.025
SC;10;350;10;162;conc;5;PIPO;Live;13.5;12.5;NA;0.014
SC;10;350;10;162;conc;6;PIPO;Live;17.6;12.1;NA;0.024
SC;10;350;10;162;conc;7;PIPO;Live;22.9;20.7;NA;0.041
SC;10;350;10;162;conc;8;PIPO;Live;19.7;13;NA;0.030
SC;10;350;10;162;conc;10;PIPO;Live;19.5;17.2;NA;0.030
SC;11;0;7;114;plan;1;PIPO;Live;21;12.2;81;0.035
SC;11;0;7;114;plan;2;PIPO;Live;69.6;21.1;86;0.380
SC;11;25;5;96;plan;2;PSME;Live;5.2;4.3;8;0.002
SC;11;25;5;96;plan;3;PSME;Live;2;2.4;10;0.000
SC;11;25;5;96;plan;1;PSME;Live;3.2;2.6;15;0.001
SC;11;25;5;96;plan;4;PSME;Live;4.8;3.5;NA;0.002
SC;11;50;8;114;conv;2;PSME;Live;25.2;20;72;0.050
SC;11;50;8;114;conv;5;PSME;Live;13;13.9;75;0.013
SC;11;50;8;114;conv;1;PIPO;Live;51.6;28.8;98;0.209
SC;11;50;8;114;conv;3;PSME;Live;16.3;13.9;NA;0.021
SC;11;50;8;114;conv;4;PSME;Live;13.9;15;NA;0.015
SC;11;50;8;114;conv;6;PSME;Live;15.3;11.8;NA;0.018
SC;11;75;8;84;conc;2;PSME;Dead;2.9;2.4;NA;0.001
SC;11;75;8;84;conc;7;PIPO;Dead;4.3;2.7;NA;0.001
SC;11;75;8;84;conc;8;PIPO;Dead;14.3;12;NA;0.016
SC;11;75;8;84;conc;10;PIPO;Dead;20.7;13;NA;0.034
SC;11;75;8;84;conc;11;PSME;Dead;9.6;10;NA;0.007
SC;11;75;8;84;conc;4;PSME;Live;7.5;9.7;62;0.004
SC;11;75;8;84;conc;3;PSME;Live;73.6;37.5;97;0.425
SC;11;75;8;84;conc;1;PSME;Live;9.6;11.9;NA;0.007
SC;11;75;8;84;conc;5;PSME;Live;44.1;30.8;NA;0.153
SC;11;75;8;84;conc;6;PSME;Live;33.6;28.6;NA;0.089
SC;11;75;8;84;conc;9;PSME;Live;7.6;10.4;NA;0.005
SC;11;75;8;84;conc;12;PSME;Live;55.6;34.2;NA;0.243
SC;11;100;7;103;plan;3;PIPO;Dead;6.1;2.9;NA;0.003
SC;11;100;7;103;plan;2;PSME;Live;5.5;4.8;61;0.002
SC;11;100;7;103;plan;4;PSME;Live;48.8;32.8;94;0.187
SC;11;100;7;103;plan;7;PIPO;Live;48.9;30.2;95;0.188
SC;11;100;7;103;plan;6;PIPO;Live;42;33.8;98;0.139
SC;11;100;7;103;plan;1;PSME;Live;37.1;31.2;NA;0.108
SC;11;100;7;103;plan;5;PSME;Live;48;33.7;NA;0.181
SC;11;100;7;103;plan;8;PSME;Live;15.1;16.9;NA;0.018
SC;11;125;7;89;plan;4;PSME;Live;9.4;10.7;82;0.007
SC;11;125;7;89;plan;1;PSME;Live;33.4;25.5;91;0.088
SC;11;125;7;89;plan;2;PSME;Live;20.2;20.8;NA;0.032
SC;11;125;7;89;plan;3;PSME;Live;33.2;26;NA;0.087
SC;11;125;7;89;plan;5;PSME;Live;15.4;12.9;NA;0.019
SC;11;125;7;89;plan;6;PSME;Live;32.2;22.2;NA;0.081
SC;11;125;7;89;plan;7;PSME;Live;26.8;21.1;NA;0.056
SC;11;125;7;89;plan;8;PSME;Live;28.7;22.9;NA;0.065
SC;11;150;9;89;conc;1;PSME;Dead;8.2;10.7;NA;0.005
SC;11;150;9;89;conc;3;PSME;Dead;4.5;8.2;NA;0.002
SC;11;150;9;89;conc;17;PSME;Dead;4.2;6.4;NA;0.001
SC;11;150;9;89;conc;18;PSME;Dead;7.5;9.6;NA;0.004
SC;11;150;9;89;conc;22;PSME;Dead;5.2;10.1;NA;0.002
SC;11;150;9;89;conc;23;PSME;Dead;7.6;10.5;NA;0.005
SC;11;150;9;89;conc;24;PSME;Dead;7.3;9.7;NA;0.004
SC;11;150;9;89;conc;28;PSME;Dead;8.5;10.7;NA;0.006
SC;11;150;9;89;conc;29;PSME;Dead;2.9;4.6;NA;0.001
SC;11;150;9;89;conc;37;PSME;Dead;4;5.6;NA;0.001
SC;11;150;9;89;conc;45;PIPO;Dead;55.8;6.5;NA;0.245
SC;11;150;9;89;conc;47;PSME;Dead;14.6;3.5;NA;0.017
SC;11;150;9;89;conc;27;PSME;Live;5.7;9.2;42;0.003
SC;11;150;9;89;conc;2;PSME;Live;29.7;24.8;96;0.069
SC;11;150;9;89;conc;4;PSME;Live;17.8;18.8;NA;0.025
SC;11;150;9;89;conc;5;PSME;Live;16.3;15.7;NA;0.021
SC;11;150;9;89;conc;6;PSME;Live;14.5;16;NA;0.017
SC;11;150;9;89;conc;7;PSME;Live;17.2;17.1;NA;0.023
SC;11;150;9;89;conc;8;PSME;Live;9.1;11.1;NA;0.007
SC;11;150;9;89;conc;9;PSME;Live;16.8;18;NA;0.022
SC;11;150;9;89;conc;10;PSME;Live;18.7;20;NA;0.027
SC;11;150;9;89;conc;11;PSME;Live;23.6;21.2;NA;0.044
SC;11;150;9;89;conc;12;PSME;Live;4;4.5;NA;0.001
SC;11;150;9;89;conc;13;PSME;Live;8.1;14.2;NA;0.005
SC;11;150;9;89;conc;14;PSME;Live;15.7;19.7;NA;0.019
SC;11;150;9;89;conc;15;PSME;Live;29.6;24.5;NA;0.069
SC;11;150;9;89;conc;16;PSME;Live;7.6;14;NA;0.005
SC;11;150;9;89;conc;19;PSME;Live;19.9;22.5;NA;0.031
SC;11;150;9;89;conc;20;PSME;Live;16.4;19.1;NA;0.021
SC;11;150;9;89;conc;21;PSME;Live;8.3;14.9;NA;0.005
SC;11;150;9;89;conc;25;PSME;Live;9.4;10.1;NA;0.007
SC;11;150;9;89;conc;26;PSME;Live;17.4;18.1;NA;0.024
SC;11;150;9;89;conc;30;PSME;Live;23.7;22.7;NA;0.044
SC;11;150;9;89;conc;31;PSME;Live;9.7;17.5;NA;0.007
SC;11;150;9;89;conc;32;PSME;Live;16.2;20.5;NA;0.021
SC;11;150;9;89;conc;33;PSME;Live;21.3;21.8;NA;0.036
SC;11;150;9;89;conc;34;PSME;Live;5.4;5.4;NA;0.002
SC;11;150;9;89;conc;35;PSME;Live;6.6;11;NA;0.003
SC;11;150;9;89;conc;36;PSME;Live;23.5;22.1;NA;0.043
SC;11;150;9;89;conc;38;PSME;Live;6.2;9.5;NA;0.003
SC;11;150;9;89;conc;39;PSME;Live;8.5;14.1;NA;0.006
SC;11;150;9;89;conc;40;PSME;Live;11.8;12.6;NA;0.011
SC;11;150;9;89;conc;41;PSME;Live;21.4;22.7;NA;0.036
SC;11;150;9;89;conc;42;PSME;Live;23.5;21.9;NA;0.043
SC;11;150;9;89;conc;43;PSME;Live;20;18.8;NA;0.031
SC;11;150;9;89;conc;44;PSME;Live;7.2;9.8;NA;0.004
SC;11;150;9;89;conc;46;PSME;Live;12.6;19.8;NA;0.012
SC;11;150;9;89;conc;48;PSME;Live;4.5;5.9;NA;0.002
SC;11;150;9;89;conc;49;PSME;Live;16.4;15.7;NA;0.021
SC;11;150;9;89;conc;50;PSME;Live;17.9;19.5;NA;0.025
SC;11;150;9;89;conc;51;PSME;Live;22.5;22.5;NA;0.040
SC;11;175;8;114;both*;10;PSME;Dead;8.3;9.4;NA;0.005
SC;11;175;8;114;both*;11;PSME;Dead;19.5;4.3;NA;0.030
SC;11;175;8;114;both*;2;PSME;Live;5.8;7.8;84;0.003
SC;11;175;8;114;both*;7;PSME;Live;58.6;29.7;188;0.270
SC;11;175;8;114;both*;1;PSME;Live;27.8;22.2;NA;0.061
SC;11;175;8;114;both*;3;PSME;Live;4.6;7.6;NA;0.002
SC;11;175;8;114;both*;4;PSME;Live;9;8.9;NA;0.006
SC;11;175;8;114;both*;5;PSME;Live;5.9;6;NA;0.003
SC;11;175;8;114;both*;6;PSME;Live;30.9;17.3;NA;0.075
SC;11;175;8;114;both*;8;PIPO;Live;38.2;26.8;NA;0.115
SC;11;175;8;114;both*;9;PSME;Live;6.9;8.8;NA;0.004
SC;11;175;8;114;both*;12;PSME;Live;8.1;9.6;NA;0.005
SC;11;175;8;114;both*;13;PSME;Live;13.5;14.4;NA;0.014
SC;11;175;8;114;both*;14;PSME;Live;24.2;22.4;NA;0.046
SC;11;200;8;118;conc;9;PSME;Live;8.1;6.3;65;0.005
SC;11;200;8;118;conc;10;PSME;Live;54.9;30;180;0.237
SC;11;200;8;118;conc;12;PIPO;Live;57;24.1;186;0.255
SC;11;200;8;118;conc;1;PSME;Live;32.4;19;NA;0.082
SC;11;200;8;118;conc;2;PSME;Live;20.7;20.2;NA;0.034
SC;11;200;8;118;conc;3;PSME;Live;25.1;22.9;NA;0.049
SC;11;200;8;118;conc;4;PSME;Live;26.3;18.6;NA;0.054
SC;11;200;8;118;conc;5;PSME;Live;18.3;19.7;NA;0.026
SC;11;200;8;118;conc;6;PSME;Live;11.8;16.9;NA;0.011
SC;11;200;8;118;conc;7;PSME;Live;12.6;12.6;NA;0.012
SC;11;200;8;118;conc;8;PSME;Live;3.5;4.1;NA;0.001
SC;11;200;8;118;conc;11;PSME;Live;56.4;7.1;NA;0.250
SC;11;225;12;114;conc;5;PSME;Live;6.1;5.6;57;0.003
SC;11;225;12;114;conc;3;PSME;Live;39.4;23.6;78;0.122
SC;11;225;12;114;conc;1;PSME;Live;12.9;11.4;NA;0.013
SC;11;225;12;114;conc;2;PSME;Live;10.6;8.5;NA;0.009
SC;11;225;12;114;conc;4;PSME;Live;21.1;17.4;NA;0.035
SC;11;225;12;114;conc;6;PSME;Live;13.1;11.3;NA;0.013
SC;11;250;10;124;conc;7;PSME;Dead;3.2;3.2;NA;0.001
SC;11;250;10;124;conc;9;PSME;Dead;3.4;4.5;NA;0.001
SC;11;250;10;124;conc;28;PSME;Dead;5.1;6.6;NA;0.002
SC;11;250;10;124;conc;3;PSME;Live;8.3;10.1;59;0.005
SC;11;250;10;124;conc;1;PIPO;Live;17.5;19.3;76;0.024
SC;11;250;10;124;conc;8;PSME;Live;35.7;22.4;97;0.100
SC;11;250;10;124;conc;2;PSME;Live;23;21.9;NA;0.042
SC;11;250;10;124;conc;4;PSME;Live;13.3;16.8;NA;0.014
SC;11;250;10;124;conc;5;PSME;Live;21.1;21;NA;0.035
SC;11;250;10;124;conc;6;PSME;Live;25.2;21.3;NA;0.050
SC;11;250;10;124;conc;10;PSME;Live;4.8;6.4;NA;0.002
SC;11;250;10;124;conc;11;PSME;Live;17.5;15.8;NA;0.024
SC;11;250;10;124;conc;12;PSME;Live;17.1;20.2;NA;0.023
SC;11;250;10;124;conc;13;PSME;Live;9.9;15;NA;0.008
SC;11;250;10;124;conc;14;PSME;Live;4.8;7.8;NA;0.002
SC;11;250;10;124;conc;15;PSME;Live;14.8;21.5;NA;0.017
SC;11;250;10;124;conc;16;PSME;Live;16.1;19.6;NA;0.020
SC;11;250;10;124;conc;17;PSME;Live;10;15.5;NA;0.008
SC;11;250;10;124;conc;18;PSME;Live;26.9;22.6;NA;0.057
SC;11;250;10;124;conc;19;PSME;Live;3.9;4.8;NA;0.001
SC;11;250;10;124;conc;20;PSME;Live;4.3;4.3;NA;0.001
SC;11;250;10;124;conc;21;PSME;Live;33.3;23.6;NA;0.087
SC;11;250;10;124;conc;22;PSME;Live;4.4;3.9;NA;0.002
SC;11;250;10;124;conc;23;PSME;Live;13.5;13.2;NA;0.014
SC;11;250;10;124;conc;24;PSME;Live;23.1;22.1;NA;0.042
SC;11;250;10;124;conc;25;PSME;Live;18.8;20;NA;0.028
SC;11;250;10;124;conc;26;PSME;Live;24.3;22;NA;0.046
SC;11;250;10;124;conc;27;PSME;Live;15.7;18.4;NA;0.019
SC;11;250;10;124;conc;29;PSME;Live;24.3;20.4;NA;0.046
SC;11;250;10;124;conc;30;PSME;Live;23.2;20.3;NA;0.042
SC;11;250;10;124;conc;31;PSME;Live;24.7;21.3;NA;0.048
SC;11;250;10;124;conc;32;PSME;Live;22.1;14;NA;0.038
U2;12;0;5;270;conc;1;PIPO;Live;53.1;27.4;79;0.221
U2;12;0;5;270;conc;2;PIPO;Stump;54;NA;69;NA
U2;12;50;2;286;conv;2;PIPO;Live;34.9;21.5;71;0.096
U2;12;50;2;286;conv;1;PIPO;Live;60.5;32.3;95;0.287
U2;12;75;17;272;conc;4;PIPO;Live;13.2;6.8;60;0.014
U2;12;75;17;272;conc;3;PIPO;Live;63.5;31.3;100;0.317
U2;12;75;17;272;conc;2;PIPO;Stump;31;NA;73;NA
U2;12;75;17;272;conc;1;PIPO;Stump;43;NA;85;NA
U2;12;100;3;348;conc;2;PIPO;Live;9.2;9.1;63;0.007
U2;12;100;3;348;conc;1;PIPO;Live;70.3;34.5;157;0.388
U2;12;100;3;348;conc;3;PIPO;Live;10.5;13.4;NA;0.009
U2;12;100;3;348;conc;4;PIPO;Live;10.8;10.1;NA;0.009
U2;12;100;3;348;conc;5;PIPO;Live;8.5;10.1;NA;0.006
U2;12;100;3;348;conc;6;PIPO;Live;20.3;20.1;NA;0.032
U2;12;100;3;348;conc;7;PIPO;Live;24.1;19.4;NA;0.046
U2;12;100;3;348;conc;8;PIPO;Live;12.9;14.4;NA;0.013
U2;12;100;3;348;conc;9;PIPO;Live;9.2;12.5;NA;0.007
U2;12;100;3;348;conc;10;PIPO;Live;12.9;16.5;NA;0.013
U2;12;100;3;348;conc;11;PIPO;Live;10.3;12.4;NA;0.008
U2;12;100;3;348;conc;12;PIPO;Live;28.8;20.6;NA;0.065
U2;12;100;3;348;conc;13;PIPO;Live;19.5;17.2;NA;0.030
U2;12;100;3;348;conc;14;PIPO;Live;13.4;12;NA;0.014
U2;12;100;3;348;conc;15;PIPO;Live;16.5;14.7;NA;0.021
U2;12;100;3;348;conc;16;PIPO;Live;7.9;7.7;NA;0.005
U2;12;100;3;348;conc;17;PIPO;Live;15.6;14.5;NA;0.019
U2;12;100;3;348;conc;18;PIPO;Live;9.1;7.3;NA;0.007
U2;12;125;36;264;conc;1;PSME;Live;1.3;2.4;23;0.000
U2;12;125;36;264;conc;3;PIPO;Live;13.8;15.6;81;0.015
U2;12;125;36;264;conc;2;PIPO;Live;36.8;21.1;82;0.106
U2;12;150;32;281;conc;4;PIPO;Live;21.2;14.2;75;0.035
U2;12;150;32;281;conc;3;PIPO;Live;30.4;16.2;76;0.073
U2;12;150;32;281;conc;1;PSME;Live;37.8;17.2;122;0.112
U2;12;150;32;281;conc;2;PSME;Live;4.9;3.5;23;0.002
U2;12;175;36;262;conv;3;PIPO;Live;21.7;12.9;90;0.037
U2;12;175;36;262;conv;2;PIPO;Live;21.9;12.6;96;0.038
U2;12;175;36;262;conv;1;PSME;Live;35.8;19;99;0.101
U2;12;250;2;169;conc;3;PIPO;Live;50.4;24.7;96;0.200
U2;12;250;2;169;conc;9;PIPO;Live;19.9;18.2;96;0.031
U2;12;250;2;169;conc;4;PIPO;Live;45.9;21.5;NA;0.165
U2;12;250;2;169;conc;5;PIPO;Live;26.2;19.3;NA;0.054
U2;12;250;2;169;conc;6;PIPO;Live;24.3;16.8;NA;0.046
U2;12;250;2;169;conc;7;PIPO;Live;22.3;16.7;NA;0.039
U2;12;250;2;169;conc;10;PIPO;Live;26.5;19.6;NA;0.055
U2;12;250;2;169;conc;1;PSME;Stump;44;NA;83;NA
U2;12;250;2;169;conc;2;PSME;Stump;45;NA;83;NA
U2;12;250;2;169;conc;8;PIPO;Stump;34;NA;89;NA
U2;13;25;7;280;plan;1;PIPO;Live;1.4;1.7;6;0.000
U2;13;25;7;280;plan;2;PIPO;Live;1.4;1.7;6;0.000
U2;13;50;6;274;plan;5;PIPO;Live;31.1;22.9;87;0.076
U2;13;50;6;274;plan;6;PIPO;Live;47.1;24.2;95;0.174
U2;13;50;6;274;plan;7;PIPO;Live;34;23.8;NA;0.091
U2;13;50;6;274;plan;8;PIPO;Live;35.5;21.3;NA;0.099
U2;13;50;6;274;plan;9;PIPO;Live;44.3;26.6;NA;0.154
U2;13;50;6;274;plan;1;PIPO;Stump;20.3;NA;44;NA
U2;13;50;6;274;plan;4;PIPO;Stump;18.1;NA;61;NA
U2;13;50;6;274;plan;2;PIPO;Stump;28;NA;64;NA
U2;13;50;6;274;plan;3;PIPO;Stump;24.9;NA;77;NA
U2;13;75;7;309;conc;3;PIPO;Dead;20.8;16.8;NA;0.034
U2;13;75;7;309;conc;4;PIPO;Dead;64.4;27.4;NA;0.326
U2;13;75;7;309;conc;6;PIPO;Live;28.5;21.8;92;0.064
U2;13;75;7;309;conc;5;PIPO;Live;59.3;28.3;220;0.276
U2;13;75;7;309;conc;1;PIPO;Stump;10.9;NA;58;0.009
U2;13;75;7;309;conc;2;PIPO;Stump;7.7;NA;61;0.005
U2;13;100;35;256;plan;12;PIPO;Live;15;14.1;68;0.018
U2;13;100;35;256;plan;15;PSME;Live;16.9;10;68;0.022
U2;13;100;35;256;plan;14;PIPO;Live;27.5;19.7;85;0.059
U2;13;100;35;256;plan;10;PSME;Live;22.4;13.5;90;0.039
U2;13;100;35;256;plan;11;PSME;Live;18.6;12.1;NA;0.027
U2;13;100;35;256;plan;13;PSME;Live;25.9;14.9;NA;0.053
U2;13;100;35;256;plan;4;PSME;Stump;13.9;NA;70;NA
U2;13;100;35;256;plan;7;PIPO;Stump;9.9;NA;71;NA
U2;13;100;35;256;plan;3;PSME;Stump;41.9;NA;80;NA
U2;13;100;35;256;plan;8;PSME;Stump;43.2;NA;80;NA
U2;13;100;35;256;plan;6;PIPO;Stump;12.3;NA;82;NA
U2;13;100;35;256;plan;5;PSME;Stump;38.9;NA;83;NA
U2;13;100;35;256;plan;1;PSME;Stump;38.4;NA;87;NA
U2;13;100;35;256;plan;2;PSME;Stump;37.5;NA;88;NA
U2;13;100;35;256;plan;9;PIPO;Stump;16;NA;NA;NA
U2;14;0;10;287;plan;2;PIPO;Live;6.5;3.9;17;0.003
U2;14;0;10;287;plan;1;PIPO;Live;5.1;2.6;18;0.002
U2;14;25;14;268;conc;5;PIPO;Live;34.4;20.2;82;0.093
U2;14;25;14;268;conc;4;PIPO;Live;66.3;28.7;100;0.345
U2;14;25;14;268;conc;3;PIPO;Live;50.3;24.4;NA;0.199
U2;14;25;14;268;conc;2;PIPO;Stump;23.6;NA;87;NA
U2;14;25;14;268;conc;1;PIPO;Stump;16.6;NA;88;NA
U2;14;50;2;97;conv;1;PIPO;Stump;22.8;NA;NA;NA
U2;14;75;1;334;conc;1;PSME;Dead;4.4;3.1;NA;0.002
U2;14;75;1;334;conc;2;PSME;Dead;7.7;5.2;NA;0.005
U2;14;75;1;334;conc;4;PSME;Live;9.5;6.8;22;0.007
U2;14;75;1;334;conc;3;PSME;Live;8;6.3;NA;0.005
U2;15;0;12;105;plan;2;PIPO;Live;48.9;21.4;103;0.188
U2;15;0;12;105;plan;1;PIPO;Live;91.4;34.7;216;0.656
U2;15;0;12;105;plan;3;PIPO;Live;63.9;31.7;NA;0.321
U2;15;25;4;101;plan;2;PIPO;Live;6.1;3.5;14;0.003
U2;15;25;4;101;plan;1;PIPO;Live;6.5;3.8;16;0.003
U2;15;50;4;268;plan;1;PIPO;Dead;5;3.4;NA;0.002
U2;15;50;4;268;plan;2;PIPO;Live;9;4.6;17;0.006
U2;15;50;4;268;plan;3;PIPO;Live;8.8;4;18;0.006
U2;15;100;4;226;conc;3;PIPO;Live;51.3;33.4;92;0.207
U2;15;100;4;226;conc;4;PIPO;Live;90.8;26.3;247;0.648
U2;15;100;4;226;conc;1;PIPO;Stump;47.6;NA;79;NA
U2;15;100;4;226;conc;2;PIPO;Stump;48.3;NA;83;NA
U2;15;125;8;217;plan;1;PIPO;Live;1.3;1.7;9;0.000
U2;15;150;4;201;conc;3;PIPO;Live;29.3;25.6;91;0.067
U2;15;150;4;201;conc;7;PIPO;Live;54.6;29.2;100;0.234
U2;15;150;4;201;conc;4;PIPO;Live;52.6;35.4;NA;0.217
U2;15;150;4;201;conc;5;PIPO;Live;38.8;23.8;NA;0.118
U2;15;150;4;201;conc;6;PIPO;Live;30.9;12.9;NA;0.075
U2;15;150;4;201;conc;8;PIPO;Live;40.4;26.8;NA;0.128
U2;15;150;4;201;conc;2;PIPO;Stump;41;NA;76;NA
U2;15;150;4;201;conc;1;PIPO;Stump;49.5;NA;91;0.192
U2;15;175;25;287;plan;1;PIPO;Live;31.9;23.3;92;0.080
U2;15;175;25;287;plan;2;PIPO;Live;29.5;23.4;95;0.068
U2;15;175;25;287;plan;3;PSME;Stump;50.7;NA;87;NA
U2;15;175;25;287;plan;4;PSME;Stump;38.9;NA;NA;NA
U2;15;175;25;287;plan;5;PSME;Stump;48.1;NA;92;NA
U2;15;200;25;303;plan;6;PIPO;Dead;13.6;1.6;NA;0.015
U2;15;200;25;303;plan;8;PIPO;Live;27.8;20.7;84;0.061
U2;15;200;25;303;plan;15;PSME;Live;28.1;26.8;90;0.062
U2;15;200;25;303;plan;16;PSME;Live;12.4;9.4;90;0.012
U2;15;200;25;303;plan;7;PIPO;Live;19;19.1;93;0.028
U2;15;200;25;303;plan;9;PIPO;Live;22.9;16.8;NA;0.041
U2;15;200;25;303;plan;10;PIPO;Live;8.6;13.1;NA;0.006
U2;15;200;25;303;plan;11;PSME;Live;19.2;16.6;NA;0.029
U2;15;200;25;303;plan;12;PSME;Live;13.2;10.9;NA;0.014
U2;15;200;25;303;plan;13;PSME;Live;8.2;8.2;NA;0.005
U2;15;200;25;303;plan;14;PSME;Live;6.6;6;NA;0.003
U2;15;200;25;303;plan;17;PSME;Live;25.7;21.1;NA;0.052
U2;15;200;25;303;plan;1;PSME;Stump;39.9;NA;80;NA
U2;15;200;25;303;plan;4;PSME;Stump;28.6;NA;82;NA
U2;15;200;25;303;plan;3;PSME;Stump;27.2;NA;86;NA
U2;15;200;25;303;plan;2;PSME;Stump;41.3;NA;88;NA
U2;15;200;25;303;plan;5;PSME;Stump;47.8;NA;NA;NA
U2;15;225;32;290;plan;2;PSME;Live;71.3;34.4;228;0.399
U2;15;225;32;290;plan;1;PSME;Stump;46.5;NA;90;NA
U2;15;250;19;290;conv;3;PIPO;Dead;7.4;7.8;NA;0.004
U2;15;250;19;290;conv;4;PIPO;Live;26.4;18.6;79;0.055
U2;15;250;19;290;conv;5;PSME;Live;15.3;15.5;87;0.018
U2;15;250;19;290;conv;6;PIPO;Live;18.8;16.9;100;0.028
U2;15;250;19;290;conv;1;PIPO;Live;21.9;11.8;NA;0.038
U2;15;250;19;290;conv;2;PSME;Stump;38.0;NA;65;NA
U2;15;275;29;288;conc;11;PSME;Dead;5.4;6.2;NA;0.002
U2;15;275;29;288;conc;14;PSME;Dead;8.7;10.7;NA;0.006
U2;15;275;29;288;conc;13;PSME;Live;13;13.8;54;0.013
U2;15;275;29;288;conc;10;PSME;Live;38;22.5;98;0.113
U2;15;275;29;288;conc;8;PIPO;Live;61.5;24.2;214;0.297
U2;15;275;29;288;conc;5;PSME;Live;26.7;16.3;NA;0.056
U2;15;275;29;288;conc;6;PIPO;Live;48.3;20.8;NA;0.183
U2;15;275;29;288;conc;7;PSME;Live;18.9;14.6;NA;0.028
U2;15;275;29;288;conc;9;PSME;Live;17.4;14.7;NA;0.024
U2;15;275;29;288;conc;12;PSME;Live;15.1;13.4;NA;0.018
U2;15;275;29;288;conc;15;PSME;Live;18.4;16.9;NA;0.027
U2;15;275;29;288;conc;16;PSME;Live;13.2;14.2;NA;0.014
U2;15;275;29;288;conc;17;PSME;Live;25;18.1;NA;0.049
U2;15;275;29;288;conc;2;PSME;Stump;43.2;NA;73;NA
U2;15;275;29;288;conc;4;PIPO;Stump;44.8;26.8;127;0.158
U2;15;275;29;288;conc;1;PSME;Stump;32.1;NA;NA;NA
U2;15;275;29;288;conc;3;PSME;Stump;16.8;12.1;NA;0.022
U2;15;300;14;308;conv;1;PIPO;Live;31.6;20.5;75;0.078
U2;15;300;14;308;conv;4;PSME;Live;46.2;25.1;80;0.168
U2;15;300;14;308;conv;2;PIPO;Live;13.7;8.4;83;0.015
U2;15;300;14;308;conv;5;PSME;Live;28.3;15.2;103;0.063
U2;15;300;14;308;conv;3;PIPO;Live;27.4;14.6;NA;0.059
U2;15;325;9;35;both*;4;PIPO;Live;23.7;12.9;91;0.044
U2;15;325;9;35;both*;3;PSME;Live;58.2;27.4;103;0.266
U2;15;325;9;35;both*;5;PIPO;Live;42.4;20.4;119;0.141
U2;15;325;9;35;both*;1;PSME;Stump;43.2;NA;87;NA
U2;15;325;9;35;both*;2;PSME;Stump;42.5;NA;95;NA
U2;15;350;7;299;plan;1;PIPO;Live;47.8;24.1;75;0.179
U2;15;375;17;87;conv;1;PSME;Live;1.7;2.4;24;0.000
U2;15;375;17;87;conv;3;PIPO;Live;38.1;25.5;92;0.114
U2;15;375;17;87;conv;2;PIPO;Live;39.9;20.3;97;0.125
U2;15;400;18;105;conc;3;PIPO;Live;44.9;30.9;105;0.158
U2;15;400;18;105;conc;5;PIPO;Live;46.4;29.8;108;0.169
U2;15;400;18;105;conc;2;PIPO;Stump;33.0;NA;67;NA
U2;15;400;18;105;conc;1;PIPO;Stump;37.4;NA;92;NA
U2;15;400;18;105;conc;4;PIPO;Stump;24.9;NA;90;0.049
U2;15;425;0;0;plan;1;PSME;Live;2.8;2.6;13;0.001
U2;15;425;0;0;plan;6;PIPO;Live;16.8;16.1;79;0.022
U2;15;425;0;0;plan;7;PIPO;Live;47.4;29.4;98;0.176
U2;15;425;0;0;plan;4;PIPO;Live;46.8;30.7;NA;0.172
U2;15;425;0;0;plan;5;PIPO;Live;23.9;21.2;NA;0.045
U2;15;425;0;0;plan;2;PIPO;Stump;37.9;NA;86;NA
U2;15;425;0;0;plan;3;PIPO;Stump;35.1;NA;65;NA
U2;15;450;4;269;conc;3;PIPO;Live;25.5;11.2;88;0.051
U2;15;450;4;269;conc;4;PIPO;Live;67.4;35;121;0.357
U2;15;450;4;269;conc;2;PIPO;Stump;56.6;NA;88;NA
U2;15;450;4;269;conc;1;PIPO;Stump;51.6;NA;100;NA
U2;15;475;4;267;conc;1;PIPO;Live;63.2;26.5;85;0.314
U2;15;500;5;251;conc;3;PIPO;Dead;2.5;2.3;NA;0.000
U2;15;500;5;251;conc;4;PIPO;Dead;3.7;2.8;NA;0.001
U2;15;500;5;251;conc;7;PSME;Live;12;6.9;15;0.011
U2;15;500;5;251;conc;6;PIPO;Live;17.8;9;23;0.025
U2;15;500;5;251;conc;1;PIPO;Live;7.5;4.3;12;0.004
U2;15;500;5;251;conc;5;PIPO;Live;3.5;3.4;12;0.001
U2;15;500;5;251;conc;8;PIPO;Live;2.8;2.7;5;0.001
U2;15;500;5;251;conc;2;PIPO;Live;4.7;2.7;8;0.002
U2;15;575;22;252;conc;3;PIPO;Live;45.7;22;70;0.164
U2;15;575;22;252;conc;2;PSME;Stump;51.4;NA;71;NA
U2;15;575;22;252;conc;1;PSME;Stump;54.8;NA;77;NA
U2;15;600;21;319;conv;1;PSME;Live;40.2;25.6;87;0.127
U2;15;625;18;91;conc;1;PSME;Live;95.4;31.4;72;0.715
U2;15;700;19;257;conv;1;PIPO;Live;62.8;23.4;87;0.310
U2;15;725;14;254;conc;1;PSME;Live;1.8;2.3;9;0.000
U2;15;750;22;266;plan;3;PSME;Live;29.4;20.7;80;0.068
U2;15;750;22;266;plan;1;PSME;Live;49.2;23.4;86;0.190
U2;15;750;22;266;plan;2;PSME;Live;43.3;26.1;NA;0.147
U2;15;750;22;266;plan;4;PSME;Stump;49.2;NA;66;NA
